{
    "formats": {
        "OTLMOW": {
            "cast_datetime": false,
            "rdf": false,
            "waarde_shortcut": false,
            "allow_non_otl_conform_attributes": true,
            "warn_for_non_otl_conform_attributes": true,
            "dotnotation": {
                "waarde_shortcut": true,
                "separator": ".",
                "cardinality_separator": "|",
                "cardinality_indicator": "[]"
            }
        },
        "JSON": {
            "waarde_shortcut": true,
            "allow_non_otl_conform_attributes": true,
            "warn_for_non_otl_conform_attributes": true
        },
        "JSON-LD": {
            "waarde_shortcut": false,
            "allow_non_otl_conform_attributes": true,
            "warn_for_non_otl_conform_attributes": true
        },
        "GeoJSON": {
            "cast_list": true,
            "cast_datetime": true,
            "allow_non_otl_conform_attributes": true,
            "warn_for_non_otl_conform_attributes": true,
            "dotnotation": {
                "waarde_shortcut": true,
                "separator": ".",
                "cardinality_separator": "|",
                "cardinality_indicator": "[]"
            }
        },
        "xlsx": {
            "cast_list": true,
            "cast_datetime": true,
            "allow_non_otl_conform_attributes": true,
            "warn_for_non_otl_conform_attributes": true,
            "dotnotation": {
                "waarde_shortcut": true,
                "separator": ".",
                "cardinality_separator": "|",
                "cardinality_indicator": "[]"
            }
        },
        "csv": {
            "cast_list": true,
            "cast_datetime": true,
            "allow_non_otl_conform_attributes": true,
            "warn_for_non_otl_conform_attributes": true,
            "delimiter": ";",
            "dotnotation": {
                "waarde_shortcut": true,
                "separator": ".",
                "cardinality_separator": "|",
                "cardinality_indicator": "[]"
            }
        },
        "pandas": {
            "cast_list": false,
            "cast_datetime": false,
            "rdf": false,
            "allow_non_otl_conform_attributes": true,
            "warn_for_non_otl_conform_attributes": true,
            "dotnotation": {
                "waarde_shortcut": true,
                "separator": ".",
                "cardinality_separator": "|",
                "cardinality_indicator": "[]"
            }
        }
    }
}